t[s],theta[rad],theta_ref[rad],error[rad],p1[MPa],p2[MPa],cost,comp_time[s]
0.0,0.026478409003307998,0.5235987755982988,0.4971203665949908,0.035,0.0005462038815690665,0.5235987755982988,0.13167238235473633
0.01,-0.005498761476199425,0.5235987755982988,0.5290975370744982,0.035,0.0005462038815690665,0.4971203665949908,0.09064793586730957
0.02,-0.0010532858105075996,0.5235987755982988,0.5246520614088064,0.035,0.0005462038815690665,0.5290975370744982,0.08622384071350098
0.03,0.0006556215296581042,0.5235987755982988,0.5229431540686407,0.035,0.0005462038815690665,0.5246520614088064,0.08891749382019043
0.04,0.028078931479244493,0.5235987755982988,0.4955198441190543,0.035,0.0005462038815690665,0.5229431540686407,0.08527946472167969
0.05,0.011008701584774058,0.5235987755982988,0.5125900740135247,0.035,0.0005462038815690665,0.4955198441190543,0.08912205696105957
0.060000000000000005,0.029099920894053347,0.5235987755982988,0.4944988547042455,0.035,0.0005462038815690665,0.5125900740135247,0.09046053886413574
0.07,-0.011020540722091354,0.5235987755982988,0.5346193163203902,0.035,0.0005462038815690665,0.4944988547042455,0.08212041854858398
0.08,0.019061297017944553,0.5235987755982988,0.5045374785803542,0.035,0.0005462038815690665,0.5346193163203902,0.08785009384155273
0.09,0.020938324799193275,0.5235987755982988,0.5026604507991055,0.035,0.0005462038815690665,0.5045374785803542,0.09045267105102539
0.09999999999999999,0.06687077403131125,0.5235987755982988,0.45672800156698756,0.07,0.0,0.5026604507991055,0.0708620548248291
0.10999999999999999,0.028485555615841734,0.5235987755982988,0.49511321998245705,0.10500000000000001,0.0,0.45672800156698756,0.08566784858703613
0.11999999999999998,-0.0049867520156748335,0.5235987755982988,0.5285855276139737,0.10500000000000001,0.0,0.49511321998245705,0.08135771751403809
0.12999999999999998,0.020988550313890908,0.5235987755982988,0.5026102252844079,0.10500000000000001,0.0,0.5285855276139737,0.08699750900268555
0.13999999999999999,0.09717437583338284,0.5235987755982988,0.426424399764916,0.10500000000000001,0.0,0.5026102252844079,0.08897876739501953
0.15,0.14501438919057552,0.5235987755982988,0.3785843864077233,0.10500000000000001,0.0,0.426424399764916,0.07984423637390137
0.16,-0.04659287225203847,0.5235987755982988,0.5701916478503373,0.10500000000000001,0.0,0.3785843864077233,0.07964491844177246
0.17,-0.061678598210547796,0.5235987755982988,0.5852773738088466,0.10500000000000001,0.0,0.5701916478503373,0.08378267288208008
0.18000000000000002,0.0310129405421571,0.5235987755982988,0.49258583505614173,0.10500000000000001,0.0,0.5852773738088466,0.08167910575866699
0.19000000000000003,0.1627620770141942,0.5235987755982988,0.3608366985841046,0.14,0.035,0.49258583505614173,0.06115221977233887
0.20000000000000004,0.06780377866899845,0.5235987755982988,0.45579499692930037,0.14,0.035,0.3608366985841046,0.08255529403686523
0.21000000000000005,0.050179378438841904,0.5235987755982988,0.4734193971594569,0.17500000000000002,0.0,0.45579499692930037,0.07385683059692383
0.22000000000000006,0.06487760699085024,0.5235987755982988,0.4587211686074486,0.17500000000000002,0.0,0.4734193971594569,0.08261394500732422
0.23000000000000007,0.1648236398491944,0.5235987755982988,0.3587751357491044,0.17500000000000002,0.0,0.4587211686074486,0.08051538467407227
0.24000000000000007,0.13520505435895225,0.5235987755982988,0.38839372123934657,0.21000000000000002,0.035,0.3587751357491044,0.06329822540283203
0.25000000000000006,0.1915405079479515,0.5235987755982988,0.3320582676503473,0.21000000000000002,0.035,0.38839372123934657,0.07563042640686035
0.26000000000000006,0.030060405910742827,0.5235987755982988,0.493538369687556,0.21000000000000002,0.035,0.3320582676503473,0.08038496971130371
0.2700000000000001,0.05956725662796007,0.5235987755982988,0.46403151897033873,0.21000000000000002,0.035,0.493538369687556,0.08279943466186523
0.2800000000000001,0.08852806872396986,0.5235987755982988,0.43507070687432897,0.21000000000000002,0.035,0.46403151897033873,0.08173346519470215
0.2900000000000001,0.11547396698639027,0.5235987755982988,0.40812480861190853,0.21000000000000002,0.035,0.43507070687432897,0.08760237693786621
0.3000000000000001,0.13684224987324226,0.5235987755982988,0.3867565257250566,0.21000000000000002,0.035,0.40812480861190853,0.07576513290405273
0.3100000000000001,0.12295103537968083,0.5235987755982988,0.400647740218618,0.21000000000000002,0.035,0.3867565257250566,0.07564020156860352
0.3200000000000001,0.19187455352352628,0.5235987755982988,0.33172422207477253,0.21000000000000002,0.035,0.400647740218618,0.07839536666870117
0.3300000000000001,0.31278280985830764,0.5235987755982988,0.21081596573999117,0.21000000000000002,0.035,0.33172422207477253,0.07998991012573242
0.34000000000000014,0.3355412815596116,0.5235987755982988,0.1880574940386872,0.24500000000000002,0.023602119123821447,0.21081596573999117,0.0465846061706543
0.35000000000000014,-0.09962072358483015,0.5235987755982988,0.623219499183129,0.24500000000000002,0.023602119123821447,0.1880574940386872,0.07855010032653809
0.36000000000000015,-0.06944678542027943,0.5235987755982988,0.5930455610185783,0.24500000000000002,0.023602119123821447,0.623219499183129,0.07721734046936035
0.37000000000000016,0.23323508023474732,0.5235987755982988,0.2903636953635515,0.24500000000000002,0.023602119123821447,0.5930455610185783,0.08690738677978516
0.38000000000000017,0.4804492091956287,0.5235987755982988,0.04314956640267009,0.24500000000000002,0.023602119123821447,0.2903636953635515,0.08890748023986816
0.3900000000000002,0.40284149980184664,0.5235987755982988,0.12075727579645218,0.24500000000000002,0.023602119123821447,0.04314956640267009,0.08158493041992188
0.4000000000000002,-0.04151108519823826,0.5235987755982988,0.565109860796537,0.24500000000000002,0.023602119123821447,0.12075727579645218,0.07994270324707031
0.4100000000000002,-0.03173001695466471,0.5235987755982988,0.5553287925529635,0.24500000000000002,0.023602119123821447,0.565109860796537,0.08159732818603516
0.4200000000000002,0.2910279190528624,0.5235987755982988,0.2325708565454364,0.24500000000000002,0.023602119123821447,0.5553287925529635,0.09145736694335938
0.4300000000000002,0.21493210882695124,0.5235987755982988,0.3086666667713476,0.24500000000000002,0.023602119123821447,0.2325708565454364,0.07986879348754883
0.4400000000000002,0.21418361205654074,0.5235987755982988,0.3094151635417581,0.24500000000000002,0.023602119123821447,0.3086666667713476,0.08297467231750488
0.45000000000000023,0.2623402600605834,0.5235987755982988,0.2612585155377154,0.24500000000000002,0.023602119123821447,0.3094151635417581,0.08015108108520508
0.46000000000000024,0.5411121028564745,0.5235987755982988,-0.01751332725817567,0.24500000000000002,0.023602119123821447,0.2612585155377154,0.08144545555114746
0.47000000000000025,0.2848011515892223,0.5235987755982988,0.2387976240090765,0.24500000000000002,0.023602119123821447,0.01751332725817567,0.08147215843200684
0.48000000000000026,-0.0983185461084416,0.5235987755982988,0.6219173217067404,0.24500000000000002,0.023602119123821447,0.2387976240090765,0.0816347599029541
0.49000000000000027,0.1616349956535279,0.5235987755982988,0.3619637799447709,0.28,0.05860211912382145,0.6219173217067404,0.047963619232177734
0.5000000000000002,0.4555910621710004,0.5235987755982988,0.06800771342729839,0.28,0.05860211912382145,0.3619637799447709,0.08546566963195801
0.5100000000000002,0.5566680772566729,0.5235987755982988,-0.03306930165837407,0.28,0.05860211912382145,0.06800771342729839,0.0787346363067627
0.5200000000000002,0.28650441512105346,0.5235987755982988,0.23709436047724536,0.28,0.05860211912382145,0.03306930165837407,0.08129715919494629
0.5300000000000002,0.008048382658253472,0.5235987755982988,0.5155503929400453,0.28,0.05860211912382145,0.23709436047724536,0.07979345321655273
0.5400000000000003,0.2172320682890232,0.5235987755982988,0.3063667073092756,0.28,0.05860211912382145,0.5155503929400453,0.08319592475891113
0.5500000000000003,0.35371014075595175,0.5235987755982988,0.16988863484234706,0.28,0.05860211912382145,0.3063667073092756,0.08748459815979004
0.5600000000000003,0.17869525588016055,0.5235987755982988,0.34490351971813826,0.28,0.05860211912382145,0.16988863484234706,0.08563590049743652
0.5700000000000003,0.3728494901182582,0.5235987755982988,0.15074928548004063,0.28,0.05860211912382145,0.34490351971813826,0.08315539360046387
0.5800000000000003,0.5042671386165594,0.5235987755982988,0.019331636981739453,0.28,0.05860211912382145,0.15074928548004063,0.07975172996520996
0.5900000000000003,0.46200451715745755,0.5235987755982988,0.061594258440841265,0.28,0.05860211912382145,0.019331636981739453,0.09325981140136719
0.6000000000000003,0.008686227190670415,0.5235987755982988,0.5149125484076285,0.28,0.05860211912382145,0.061594258440841265,0.08774876594543457
0.6100000000000003,-0.0123520731442599,0.5235987755982988,0.5359508487425587,0.31500000000000006,0.09360211912382145,0.5149125484076285,0.06013345718383789
0.6200000000000003,0.3688682847399576,0.5235987755982988,0.15473049085834123,0.31500000000000006,0.09360211912382145,0.5359508487425587,0.08609914779663086
0.6300000000000003,0.6957164828256147,0.5235987755982988,-0.1721177072273159,0.31500000000000006,0.09360211912382145,0.15473049085834123,0.07623863220214844
0.6400000000000003,0.6417630077426637,0.5235987755982988,-0.11816423214436489,0.31500000000000006,0.09360211912382145,0.1721177072273159,0.0888209342956543
0.6500000000000004,0.11415400052001579,0.5235987755982988,0.40944477507828303,0.31500000000000006,0.09360211912382145,0.11816423214436489,0.0814657211303711
0.6600000000000004,-0.1160048861928149,0.5235987755982988,0.6396036617911137,0.31500000000000006,0.09360211912382145,0.40944477507828303,0.07767438888549805
0.6700000000000004,0.2288059507622423,0.5235987755982988,0.2947928248360565,0.31500000000000006,0.09360211912382145,0.6396036617911137,0.08434057235717773
0.6800000000000004,0.20770554184365042,0.5235987755982988,0.3158932337546484,0.31500000000000006,0.09360211912382145,0.2947928248360565,0.09309148788452148
0.6900000000000004,0.46818235691349297,0.5235987755982988,0.055416418684805846,0.31500000000000006,0.09360211912382145,0.3158932337546484,0.08169078826904297
0.7000000000000004,0.5599367435942294,0.5235987755982988,-0.03633796799593059,0.31500000000000006,0.09360211912382145,0.055416418684805846,0.0835111141204834
0.7100000000000004,0.5457755250408107,0.5235987755982988,-0.02217674944251191,0.31500000000000006,0.09360211912382145,0.03633796799593059,0.08912277221679688
0.7200000000000004,0.19704331669966219,0.5235987755982988,0.32655545889863663,0.31500000000000006,0.09360211912382145,0.02217674944251191,0.08922004699707031
0.7300000000000004,-0.13375321129760842,0.5235987755982988,0.6573519868959072,0.31500000000000006,0.09360211912382145,0.32655545889863663,0.08329057693481445
0.7400000000000004,0.01915043191169674,0.5235987755982988,0.5044483436866021,0.31500000000000006,0.09360211912382145,0.6573519868959072,0.08593010902404785
0.7500000000000004,0.6712385917785597,0.5235987755982988,-0.1476398161802609,0.31500000000000006,0.09360211912382145,0.5044483436866021,0.0912783145904541
0.7600000000000005,0.9662422188498003,0.5235987755982988,-0.4426434432515015,0.31500000000000006,0.09360211912382145,0.1476398161802609,0.08014154434204102
0.7700000000000005,0.3942941107809612,0.5235987755982988,0.1293046648173376,0.31500000000000006,0.09360211912382145,0.4426434432515015,0.08005404472351074
0.7800000000000005,-0.23971942519312228,0.5235987755982988,0.7633182007914211,0.3500000000000001,0.05860211912382145,0.1293046648173376,0.0934443473815918
0.7900000000000005,-0.10869825760862928,0.5235987755982988,0.6322970332069281,0.3500000000000001,0.05860211912382145,0.7633182007914211,0.08530116081237793
0.8000000000000005,0.2204763149966742,0.5235987755982988,0.3031224606016246,0.3500000000000001,0.05860211912382145,0.6322970332069281,0.08427071571350098
0.8100000000000005,0.4688899974501597,0.5235987755982988,0.054708778148139126,0.3500000000000001,0.05860211912382145,0.3031224606016246,0.08441781997680664
0.8200000000000005,0.5790219924577518,0.5235987755982988,-0.05542321685945295,0.3500000000000001,0.05860211912382145,0.054708778148139126,0.08230876922607422
0.8300000000000005,0.6110952299089601,0.5235987755982988,-0.08749645431066133,0.3500000000000001,0.05860211912382145,0.05542321685945295,0.07769370079040527
0.8400000000000005,0.3507318206983565,0.5235987755982988,0.1728669548999423,0.3500000000000001,0.05860211912382145,0.08749645431066133,0.08098173141479492
0.8500000000000005,-0.11871900018415515,0.5235987755982988,0.642317775782454,0.3850000000000001,0.023602119123821444,0.1728669548999423,0.06620287895202637
0.8600000000000005,-0.35457932633141853,0.5235987755982988,0.8781781019297173,0.3850000000000001,0.023602119123821444,0.642317775782454,0.07911920547485352
0.8700000000000006,0.29956440078664803,0.5235987755982988,0.22403437481165078,0.3850000000000001,0.023602119123821444,0.8781781019297173,0.08105802536010742
0.8800000000000006,1.035499682386624,0.5235987755982988,-0.5119009067883252,0.3850000000000001,0.023602119123821444,0.22403437481165078,0.08489346504211426
0.8900000000000006,0.926888683890954,0.5235987755982988,-0.4032899082926552,0.3850000000000001,0.023602119123821444,0.5119009067883252,0.08092546463012695
0.9000000000000006,0.0666286098864819,0.5235987755982988,0.4569701657118169,0.3850000000000001,0.023602119123821444,0.4032899082926552,0.08261632919311523
0.9100000000000006,-0.33090106658119023,0.5235987755982988,0.854499842179489,0.42000000000000015,0.006717518226931788,0.4569701657118169,0.08234477043151855
0.9200000000000006,-0.09254518807004408,0.5235987755982988,0.6161439636683429,0.42000000000000015,0.006717518226931788,0.854499842179489,0.07674622535705566
0.9300000000000006,0.32272518994645827,0.5235987755982988,0.20087358565184055,0.42000000000000015,0.006717518226931788,0.6161439636683429,0.09564208984375
0.9400000000000006,0.5580058744421446,0.5235987755982988,-0.03440709884384574,0.42000000000000015,0.006717518226931788,0.20087358565184055,0.08796930313110352
0.9500000000000006,0.7768073782774049,0.5235987755982988,-0.25320860267910605,0.3850000000000001,0.04171751822693179,0.03440709884384574,0.0675208568572998
0.9600000000000006,0.5253717645877319,0.5235987755982988,-0.0017729889894331219,0.3850000000000001,0.04171751822693179,0.25320860267910605,0.08099842071533203
0.9700000000000006,-0.09672068652169408,0.5235987755982988,0.6203194621199929,0.3500000000000001,0.006717518226931785,0.0017729889894331219,0.06195235252380371
0.9800000000000006,-0.5397576494574592,0.5235987755982988,1.063356425055758,0.3850000000000001,0.04171751822693179,0.6203194621199929,0.0665442943572998
0.9900000000000007,-0.20315517639624514,0.5235987755982988,0.726753951994544,0.3850000000000001,0.04171751822693179,1.063356425055758,0.07793569564819336
